id,created_at,title,imagepath,thumbpath,summary,description,categoryId,authorId
35,2026-02-01 11:26:01.393615+00,Rainbow Cupcakes: A Colorful Delight for Any Celebration,images/gallery/gallery-img3.jpg,images/gallery/gallery-thumb3.jpg,"Rainbow cupcakes are a vibrant and fun treat that brings a splash of color and joy to any occasion. Perfect for birthdays, baby showers, or simply to brighten up a day, these cupcakes are as delightful to look at as they are to eat. In this blog, we'll explore how to make rainbow cupcakes from scratch, offer tips for achieving that perfect swirl of colors, and provide ideas for decorating these cheerful confections.","<h2>Crafting the Perfect Rainbow Cupcake Batter</h2><p>
    Creating rainbow cupcakes begins with a classic cupcake batter that serves as the canvas for your colorful design. Start with a basic vanilla cupcake recipe, which provides a light and fluffy texture that pairs well with vibrant colors. To make a batch of rainbow cupcakes, divide your batter into several bowls, depending on how many colors you plan to use.
    </p><p>
    Add a few drops of gel food coloring to each bowl to achieve the desired hues. Gel food coloring is preferred over liquid coloring because it provides a more intense color without altering the batter's consistency. Once you’ve achieved your rainbow colors, layer the batter into your cupcake liners. Start with one color at the bottom, followed by the next color, and so on, creating layers that will blend together beautifully when baked.
    </p><h2>
    Achieving the Perfect Swirl: Tips for Layering and Baking
    </h2><p>
    To achieve a beautiful rainbow effect, the way you layer the batter is crucial. Using a spoon or small ice cream scoop, add a small amount of each color of batter to the cupcake liners. For a more dramatic swirl effect, you can use a toothpick or skewer to gently swirl the colors together. Be careful not to over-swirl, as this can cause the colors to blend too much and lose the distinct layers.
    </p><p>
    Preheat your oven to 350°F (175°C) and bake the cupcakes for 18-22 minutes, or until a toothpick inserted into the center comes out clean. The baking time may vary slightly depending on your oven and the size of your cupcakes. Allow the cupcakes to cool completely on a wire rack before frosting. This helps to prevent the frosting from melting and ensures a neat and clean finish.
    </p><h2>
    Decorating Your Rainbow Cupcakes: Frosting and Toppings
    </h2><p>
    Once your cupcakes are cooled, it’s time to decorate! For a whimsical touch, use a colorful swirl of frosting to complement the rainbow inside. You can achieve a multicolored frosting effect by using a piping bag fitted with a star tip and layering different colored frosting into the bag. As you pipe, you’ll create a beautiful swirl of colors on top of each cupcake.
    </p><p>
    To make your rainbow cupcakes even more festive, consider adding sprinkles, edible glitter, or small candy pieces. You can also top each cupcake with a small rainbow decoration or a cloud-shaped marshmallow for an extra touch of fun. If you’re making these cupcakes for a themed party, try incorporating additional decorations that match the theme, like themed toppers or custom edible images.
    </p><h2>
    Serving and Storing Your Rainbow Cupcakes
    </h2><p>
    Rainbow cupcakes are best enjoyed fresh, but they can be stored for a few days if needed. To keep them fresh, store your cupcakes in an airtight container at room temperature. If you need to transport them, consider using a cupcake carrier or arranging them carefully in a box to prevent the frosting from getting damaged.
    </p><p>
    Serve your cupcakes on a colorful platter or cake stand to enhance their visual appeal. They are perfect for sharing at parties, gatherings, or as a special treat for your family. To add a fun touch, you can even let guests decorate their own cupcakes with a variety of toppings.
    </p><h2>
    Conclusion
    </h2><p>
    Rainbow cupcakes are a delightful and colorful treat that adds a touch of joy to any celebration. By using a simple vanilla cupcake recipe and incorporating vibrant colors, you can create a visually stunning and delicious dessert that will impress your guests. With a few tips for layering and decorating, you can achieve a rainbow effect that’s as delightful to eat as it is to look at. So gather your ingredients, get creative with your colors, and enjoy the process of baking these cheerful and tasty cupcakes.</p>",33,
36,2026-02-02 11:26:01.393615+00,The Ultimate Chocolate Cupcake with Cream: A Decadent Delight,images/gallery/gallery-img4.jpg,images/gallery/gallery-thumb4.jpg,"Chocolate cupcakes with cream are a timeless treat that combines the rich, indulgent flavor of chocolate with the light, fluffy texture of whipped cream. Whether you’re preparing for a special occasion or just looking to satisfy a sweet tooth, these cupcakes offer the perfect blend of chocolatey goodness and creamy sweetness. In this blog, we’ll dive into the art of making the ultimate chocolate cupcake with cream, from baking the perfect cupcake to crafting a luscious cream topping.","<h2>Baking the Perfect Chocolate Cupcake
    </h2><p>
The foundation of any great chocolate cupcake is a well-balanced recipe that delivers a moist, tender crumb and intense chocolate flavor. Start with high-quality cocoa powder and bittersweet chocolate to achieve a rich, deep chocolate taste. Begin by creaming together butter and sugar until light and fluffy. Add eggs one at a time, ensuring they are fully incorporated before adding the next.
</p><p>
In a separate bowl, whisk together your dry ingredients—flour, cocoa powder, baking powder, and a pinch of salt. Alternately add the dry ingredients and milk to the creamed butter mixture, starting and ending with the dry ingredients. Mix until just combined, and be careful not to overmix to maintain a light texture. For an extra burst of chocolate, fold in small chunks of chocolate before baking.
</p><p>
Preheat your oven to 350°F (175°C) and line your muffin tin with cupcake liners. Fill each liner about two-thirds full with batter and bake for 18-22 minutes, or until a toothpick inserted into the center comes out clean. Allow the cupcakes to cool completely on a wire rack before adding the cream topping.
</p><h2>
Crafting the Perfect Cream Topping
</h2><p>
The cream topping is where you can truly elevate your chocolate cupcakes to the next level. Begin by chilling your mixing bowl and beaters to ensure your cream whips up perfectly. Use heavy cream, as it has a higher fat content and will whip up into a stable, fluffy topping.
</p><p>
Start by pouring the heavy cream into the chilled bowl and adding a touch of powdered sugar and vanilla extract for sweetness and flavor. Beat the cream on medium-high speed until soft peaks form. Be cautious not to overwhip, as this can turn the cream into butter. Once you achieve a light and fluffy consistency, your cream topping is ready to pipe onto your cooled cupcakes.
</p><p>
Using a piping bag fitted with a star tip, pipe the cream onto each cupcake in a decorative swirl. If you prefer, you can also use a spoon to dollop the cream onto the cupcakes for a more casual look. For an added touch of elegance, consider garnishing with chocolate shavings, cocoa powder, or a drizzle of chocolate sauce.
</p><h2>
Enhancing Your Chocolate Cupcakes with Cream
</h2><p>
While the classic chocolate cupcake with cream is a treat on its own, you can add extra layers of flavor and texture to make them even more indulgent. Consider filling the cupcakes with a rich chocolate ganache or a layer of fruit preserves before adding the cream topping. This adds a surprise element and makes each bite even more delicious.
</p><p>
For special occasions, you can decorate the cupcakes with themed toppers, edible glitter, or fresh berries. Chocolate cupcakes with cream are perfect for birthday parties, holiday celebrations, or any time you want to impress your guests with a show-stopping dessert.
</p><h2>
Storing and Serving Your Cupcakes
</h2><p>
Chocolate cupcakes with cream should be enjoyed fresh for the best texture and flavor. However, if you need to store them, keep them in an airtight container in the refrigerator. The cream may lose some of its fluffiness over time, so it’s best to add the cream topping just before serving if possible.
</p><h2>
When serving, let the cupcakes come to room temperature for about 10 minutes after removing them from the refrigerator. This will allow the cream to soften slightly and the chocolate flavor to shine through. Pair the cupcakes with a glass of cold milk or a cup of coffee for a perfectly satisfying treat.
</h2><p>
Conclusion
</p><p>
Chocolate cupcakes with cream are a decadent and delightful treat that’s sure to please any chocolate lover. By following a well-crafted recipe for the cupcakes and whipping up a fluffy, flavorful cream topping, you can create a dessert that’s both beautiful and delicious. Whether you’re baking for a special occasion or just because, these cupcakes offer a perfect blend of rich chocolate and creamy sweetness that will make any moment feel a little more special. So gather your ingredients, preheat your oven, and enjoy the process of creating these irresistible chocolate cupcakes with cream.</p>",33,
37,2026-02-02 11:26:01.393615+00,The Magic of Coffee: A Journey Through Aroma and Flavor,images/blog/blog-img1.jpg,images/blog/blog-thumb1.jpg,"Coffee, the beloved brew that kick-starts countless mornings and fuels productive afternoons, is much more than just a morning ritual. It's a rich tapestry of history, culture, and craftsmanship, offering a sensory experience that delights millions around the globe. In this blog, we delve into the fascinating world of coffee, exploring its origins, the artistry behind brewing, and the science of its invigorating effects.","<h2>From Bean to Brew: The Coffee Journey</h2>
<p>The story of coffee begins in the highlands of Ethiopia, where legend has it that a goat herder named Kaldi discovered the coffee bean. After noticing his goats' energetic behavior after eating red berries, Kaldi shared his find with local monks, who brewed a drink from the berries and found it kept them alert during long prayers. From these humble beginnings, coffee traveled across the globe, evolving into the diverse array of flavors and styles we enjoy today.</p>
<p>
The journey from bean to cup involves meticulous processes, from the careful cultivation of coffee plants to the artful roasting and brewing. Coffee beans are grown in tropical regions, with each climate and altitude contributing unique characteristics to the beans. Once harvested, the beans undergo processing to remove the outer layers, followed by roasting, where they develop their rich flavors and aromatic profiles. Finally, brewing transforms these roasted beans into the beverage we savor, with methods ranging from espresso machines to French presses.</p>
<h2>The Art of Brewing: Crafting the Perfect Cup</h2>
<p>
Brewing coffee is both a science and an art. The method you choose can greatly influence the flavor profile of your cup. Espresso, for example, is a concentrated form of coffee brewed by forcing hot water through finely-ground beans at high pressure, resulting in a rich, bold flavor. On the other hand, a pour-over method allows for a more nuanced extraction, giving you control over the brewing time and water temperature, which can highlight different notes in the coffee.</p>
<p>
Each brewing method offers its own unique experience. French presses are known for their ability to produce a full-bodied coffee with a rich texture, while drip coffee makers provide a convenient way to brew multiple cups at once. For those who prefer a lighter, more delicate brew, cold brew coffee has become increasingly popular, offering a smooth and less acidic flavor profile that's perfect for warm weather.</p>
<h2>The Science Behind Coffee's Kick</h2>
<p>
The invigorating effects of coffee are largely attributed to its caffeine content, a natural stimulant that enhances alertness and concentration. Caffeine works by blocking adenosine receptors in the brain, which helps reduce the feeling of tiredness. In addition to its stimulating properties, coffee is also rich in antioxidants, which have been linked to various health benefits, including reduced inflammation and improved heart health.</p>
<p>
Recent studies suggest that moderate coffee consumption can be associated with a lower risk of certain diseases, including Parkinson's and Alzheimer's, as well as improved mood and cognitive function. However, it's important to enjoy coffee in moderation, as excessive consumption can lead to negative effects such as increased anxiety or disrupted sleep.</p>
<h2>Coffee Culture: A Global Phenomenon</h2>
<p>
Coffee culture varies widely around the world, reflecting local customs and preferences. In Italy, the espresso is a staple, enjoyed in small, intense sips, while in Sweden, fika—a coffee break accompanied by pastries—is an important social tradition. In Ethiopia, coffee ceremonies are a deeply ingrained part of the culture, with beans roasted and ground in front of guests and brewed in a traditional pot called a jebena.</p>
<p>
The rise of specialty coffee shops has further enriched coffee culture, offering an array of artisanal blends and innovative brewing techniques. These establishments often focus on sourcing high-quality beans, exploring unique flavor profiles, and creating a welcoming environment for coffee enthusiasts to gather and appreciate their craft.</p>
<p>
In conclusion, coffee is more than just a beverage—it's a journey that spans continents, cultures, and centuries. From its origins in Ethiopian highlands to the sophisticated cafes of today, coffee continues to captivate and inspire. So the next time you sip your favorite brew, take a moment to appreciate the rich history and artistry that makes each cup a small but meaningful part of a global tradition.</p>",31,
38,2026-02-03 11:26:01.393615+00,The Perfect Pairing: Coffee and Cheesecake,images/blog/blog-img2.jpg,images/blog/blog-thumb2.jpg,"When it comes to indulgent treats, few combinations can rival the harmony of coffee and cheesecake. This dynamic duo brings together two beloved flavors, each enhancing the other in a delightful symphony of taste and texture. In this blog, we explore the art of pairing coffee with cheesecake, offering tips on how to elevate your dessert experience to new heights.","<h2>The Art of Pairing Coffee with Cheesecake</h2><p>
Pairing coffee with cheesecake is a match made in culinary heaven. The rich, creamy texture of cheesecake complements the bold, aromatic qualities of coffee, creating a balanced and satisfying experience. The key to a successful pairing lies in matching the flavors and intensities of the two components. For example, a classic New York-style cheesecake with its dense, vanilla-infused richness pairs beautifully with a robust espresso or a full-bodied dark roast coffee. The strong coffee flavor cuts through the richness of the cheesecake, providing a pleasing contrast that enhances both elements.
</p><p>
Conversely, lighter cheesecakes, such as lemon or berry varieties, benefit from a milder coffee choice. A medium roast or a lightly brewed coffee can accentuate the delicate flavors of the cheesecake without overwhelming them. The fruity notes in a berry cheesecake, for instance, pair wonderfully with a subtle, aromatic coffee that brings out the freshness of the fruit while maintaining a harmonious balance.
</p><h2>
Exploring Coffee and Cheesecake Variations
</h2><p>
The versatility of both coffee and cheesecake allows for endless possibilities when it comes to pairing. For a more adventurous twist, consider incorporating coffee directly into the cheesecake. Coffee-flavored cheesecakes, such as those featuring a mocha or espresso swirl, offer a delightful fusion of flavors that can be paired with a complementary coffee drink for an enhanced experience. Adding a layer of coffee-infused ganache or using espresso in the crust can elevate your cheesecake to a new level of indulgence.
</p><p>
Another fun variation is to experiment with different coffee styles and cheesecake flavors. For instance, a tiramisu cheesecake, with its espresso-soaked ladyfingers and mascarpone filling, pairs exceptionally well with a creamy cappuccino or a sweetened latte. Similarly, a salted caramel cheesecake can be paired with a caramel-flavored coffee to enhance the dessert’s sweetness and create a decadent treat.
</p><h2>
Creating the Ultimate Coffee and Cheesecake Experience
</h2><p>
To create the ultimate coffee and cheesecake experience, presentation matters as much as flavor. Serve your cheesecake slices with a well-crafted cup of coffee, paying attention to the brewing method and serving temperature. A beautifully brewed cup of coffee, with its rich aroma and perfect crema, can elevate the entire dessert experience. Additionally, consider adding a touch of elegance with garnishes such as fresh berries, a sprinkle of cocoa powder, or a drizzle of caramel sauce.
</p><p>
Pairing coffee with cheesecake is not just about flavor—it's about creating a moment of indulgence and enjoyment. Whether you're hosting a gathering or simply treating yourself, this combination offers a sophisticated and satisfying experience that celebrates the best of both worlds. So the next time you enjoy a slice of cheesecake, don’t forget to brew a perfect cup of coffee to accompany it. The result is a harmonious pairing that will leave you savoring every delicious bite and sip.</p>",34,
39,2026-02-05 11:26:01.393615+00,Discover the Magic of Hibiscus Tea: A Special Blend of Flavor and Health,images/blog/blog-img3.jpg,images/blog/blog-thumb3.jpg,"Hibiscus tea is not just any ordinary tea—it’s a vibrant, tangy, and refreshing beverage that boasts a unique flavor profile and a range of health benefits. Made from the dried petals of the hibiscus flower, this ruby-red tea has been enjoyed for centuries in cultures around the world. Known for its tart flavor, similar to cranberries, and stunning deep red color, hibiscus tea is perfect whether served hot or cold. In this blog, we’ll explore what makes hibiscus tea so special, from its distinct taste to its many health perks.","<h2>The Flavor of Hibiscus Tea: A Tart, Tangy Delight</h2><p>
Hibiscus tea stands out for its bold, slightly sour taste that is both refreshing and invigorating. It has a natural tartness similar to that of cranberry or pomegranate, which makes it an excellent option for those who prefer their teas on the tangy side. When brewed hot, it delivers a warming, comforting experience, while its natural acidity makes it a great choice for iced tea, especially on a hot day. For those who enjoy experimenting, hibiscus tea pairs well with a variety of flavors—try adding a touch of honey, a slice of lemon, or even some fresh mint to enhance its taste.
</p><p>
Because of its striking red color, hibiscus tea is also a feast for the eyes. Whether served in a clear glass or a traditional teacup, its vibrant hue makes it a beautiful addition to any table setting.
</p><h2>
The Health Benefits of Hibiscus Tea
</h2><p>
In addition to its refreshing flavor, hibiscus tea is prized for its potential health benefits. Rich in antioxidants, this herbal tea may help to support overall wellness and combat the effects of oxidative stress on the body. One of its most well-known benefits is its ability to help lower blood pressure. Studies have shown that regularly drinking hibiscus tea can help maintain healthy blood pressure levels, making it a natural choice for those looking to support their cardiovascular health.
</p><p>
Hibiscus tea is also believed to support digestion, thanks to its mild diuretic properties, which can help the body flush out excess fluids and reduce bloating. Furthermore, its high vitamin C content makes it an excellent immune-boosting beverage, perfect for sipping during cold and flu season. With no caffeine, it’s a soothing and calming drink that can be enjoyed at any time of day.
</p><h2>
How to Brew the Perfect Cup of Hibiscus Tea
</h2><p>
Brewing hibiscus tea is simple and quick, whether you’re preparing it hot or cold. Start with dried hibiscus petals or hibiscus tea bags. For a hot cup, bring water to a boil and steep the petals for 5-10 minutes, depending on how strong you want the flavor. For a sweeter taste, consider adding a bit of honey or sugar. If you’re making iced hibiscus tea, brew it as normal, then let it cool and pour it over ice. You can also make a large batch and store it in the fridge for a refreshing drink throughout the day.
</p><p>
To take it up a notch, try infusing your hibiscus tea with other flavors. Fresh herbs like mint or basil, a squeeze of citrus, or even a splash of fruit juice can enhance the natural tartness and create a deliciously complex beverage.
</p><h2>
Conclusion
</h2><p>
Hibiscus tea is a special brew that offers a delightful combination of bold flavor, striking visuals, and potential health benefits. Its refreshing tartness and vibrant red color make it a standout among herbal teas, and its versatility means it can be enjoyed in many ways—whether hot, iced, or blended with other flavors. If you’re looking for a unique, healthy beverage that’s as flavorful as it is beautiful, hibiscus tea might just become your new favorite drink. Give it a try and experience the magic of this special tea for yourself!</p>",32,
40,2026-02-10 11:26:01.393615+00,The Delightful Allure of Strawberry Drinks: Refreshment with a Touch of Sweetness,images/blog/blog-img4.jpg,images/blog/blog-thumb4.jpg,"Strawberries, with their vibrant color and naturally sweet flavor, are a perfect ingredient for crafting refreshing drinks. Whether you’re looking to enjoy a classic strawberry lemonade, a smoothie, or a sparkling mocktail, strawberries offer a burst of flavor and a touch of elegance to any beverage. In this blog, we’ll explore a variety of strawberry-based drinks, highlighting their versatility and providing you with inspiration to make your next drink a delightful experience.","<h2>
Strawberry Lemonade: A Timeless Classic</h2>
<p>
Strawberry lemonade is a quintessential summer drink that combines the tartness of lemons with the sweet, juicy flavor of strawberries. To make this classic beverage, start by preparing a simple syrup with equal parts sugar and water. Heat until the sugar dissolves, then let it cool. Blend fresh strawberries until smooth and mix them with lemon juice and the cooled syrup. Dilute with water to your desired strength and serve over ice. Garnish with fresh mint or a slice of lemon for a refreshing twist.
</p><p>
For an added layer of complexity, consider using sparkling water instead of still water to give your strawberry lemonade a fizzy, effervescent quality. The bubbles will enhance the freshness of the strawberries and add a festive touch to your drink. This version is perfect for summer gatherings or as a revitalizing treat on a hot day.
</p><h2>
Strawberry Smoothies: Creamy and Nourishing
</h2><p>
Strawberry smoothies are a versatile option for breakfast, a snack, or even a dessert. They are not only delicious but also packed with nutrients. Start by blending fresh or frozen strawberries with a base of yogurt or a plant-based alternative for creaminess. Add a banana for natural sweetness and a boost of potassium. For an extra nutritional kick, toss in a handful of spinach or a tablespoon of chia seeds.
</p><p>
To enhance the flavor, you can experiment with additional ingredients like honey or a splash of vanilla extract. If you prefer a lighter smoothie, use almond milk or coconut water instead of yogurt. A sprinkle of granola or a few fresh strawberry slices on top can add a delightful crunch and make your smoothie more visually appealing.
</p><h2>
Strawberry Mocktails: Elegant and Fun
</h2><p>
Strawberry mocktails offer a sophisticated alternative to traditional cocktails, making them perfect for both casual and formal occasions. One popular choice is the strawberry basil mocktail, which combines the sweetness of strawberries with the aromatic freshness of basil. Blend strawberries with a bit of lime juice, simple syrup, and fresh basil leaves. Strain the mixture to remove seeds and pulp, then mix with sparkling water for a fizzy, refreshing drink.
</p><p>
Another delightful option is the strawberry mint cooler. Combine blended strawberries with a splash of lime juice and a handful of mint leaves. Shake with ice and top with soda water for a crisp, invigorating beverage. Garnish with additional mint leaves or a strawberry slice for a touch of elegance.
</p><h2>
Strawberry Infused Water: Subtle and Refreshing
</h2><p>
For a more subtle yet equally refreshing option, try strawberry-infused water. Simply add sliced strawberries to a pitcher of cold water and let it infuse in the refrigerator for a few hours. The strawberries will impart a delicate flavor to the water without overwhelming it. This is an excellent way to stay hydrated while enjoying a hint of fruitiness.
</p><p>
To elevate your infused water, consider adding other complementary fruits like cucumber, lemon, or mint. The combination of flavors can enhance the overall experience and provide a refreshing alternative to plain water. This method is perfect for staying hydrated throughout the day or serving at gatherings as a light and flavorful option.
</p><h2>
Conclusion
</h2><p>
Strawberries are a versatile and delicious ingredient that can elevate a wide range of drinks, from classic lemonades to sophisticated mocktails. Their natural sweetness and vibrant color make them a favorite choice for refreshing beverages. Whether you’re crafting a strawberry lemonade for a summer party or enjoying a creamy smoothie for breakfast, strawberries add a touch of elegance and a burst of flavor to every sip. So grab some fresh strawberries, get creative, and savor the delightful allure of strawberry-based drinks.</p>",32,
41,2026-02-15 11:26:01.393615+00,Decadent Delight: The Ultimate Guide to Chocolate Cupcakes,images/blog/blog-img5.jpg,images/blog/blog-thumb5.jpg,"Chocolate cupcakes are a beloved treat that combines the rich, indulgent flavor of chocolate with the convenience and charm of a perfectly portioned dessert. Whether you're baking for a special occasion or simply craving a sweet escape, chocolate cupcakes offer a delightful way to satisfy your sweet tooth. In this blog, we'll explore the art of crafting the perfect chocolate cupcake, from choosing the right ingredients to decorating with flair.","<h2>The Foundation: Perfecting Your Chocolate Cupcake Batter</h2>
    <p>
The key to an outstanding chocolate cupcake lies in the quality of its batter. Start by selecting high-quality cocoa powder or melted chocolate to ensure a rich, deep chocolate flavor. Using a combination of cocoa powder and melted chocolate can provide a more complex taste and a moist texture. For a truly decadent experience, consider adding a touch of espresso powder to enhance the chocolate flavor without overpowering it.
</p><p>
When it comes to mixing your batter, be sure to cream together the butter and sugar until light and fluffy before adding the eggs. This step helps to create a tender crumb and ensures even distribution of the ingredients. Incorporate the dry ingredients and wet ingredients alternately to prevent overmixing, which can lead to dense cupcakes. For an extra touch of moisture, add a bit of sour cream or buttermilk to the batter.
</p><h2>
Baking to Perfection: Tips for Flawless Cupcakes
</h2><p>
Achieving the perfect chocolate cupcake requires careful attention to baking time and temperature. Preheat your oven to 350°F (175°C) and line your cupcake pan with paper liners. Fill each liner about two-thirds full with batter to allow for proper rising without overflowing. Bake the cupcakes for 18-22 minutes, or until a toothpick inserted into the center comes out clean.
</p><p>
To ensure even baking, consider rotating your cupcake pan halfway through the baking time. This helps to counteract any hot spots in your oven and promotes uniform rising. Allow the cupcakes to cool in the pan for a few minutes before transferring them to a wire rack to cool completely. This prevents them from becoming soggy and ensures a light, airy texture.
</p><h2>
Delicious Fillings and Frostings: Elevating Your Cupcake Game
</h2><p>
While chocolate cupcakes are delightful on their own, adding a filling or frosting can elevate them to a whole new level. For a decadent surprise, fill your cupcakes with a rich chocolate ganache or a smooth chocolate mousse. Simply pipe a small amount of filling into the center of each cupcake using a pastry bag fitted with a small nozzle.
</p><p>
When it comes to frosting, classic choices include chocolate buttercream or cream cheese frosting. For a rich, buttery finish, make a chocolate buttercream by creaming together butter, powdered sugar, cocoa powder, and a splash of milk. If you prefer a tangy contrast to the sweetness, cream cheese frosting adds a delightful twist. You can also experiment with flavored frostings, such as mint or espresso, to complement the chocolate.
</p><h2>
Decorating with Flair: Making Your Cupcakes Stand Out
</h2><p>
The final touch for your chocolate cupcakes is decoration. A simple swirl of frosting topped with chocolate shavings or sprinkles can create an elegant look. For a more elaborate design, use a piping bag fitted with various tips to create rosettes, stars, or other decorative shapes. Adding a drizzle of melted chocolate or a dusting of cocoa powder can enhance the visual appeal and add extra flavor.
</p><p>
Consider matching your cupcake decorations to the occasion. For example, use colorful sprinkles or themed toppers for a birthday party, or opt for a more sophisticated design with edible gold leaf for a special celebration. Personalizing your cupcakes with unique decorations adds a special touch and makes them even more memorable.
</p><h2>
Conclusion
</h2><p>
Chocolate cupcakes are a versatile and delightful treat that can be enjoyed in countless ways. By mastering the art of creating a rich, flavorful batter, perfecting your baking technique, and experimenting with delicious fillings and frostings, you can craft cupcakes that are sure to impress. Whether you’re baking for a special event or simply indulging in a sweet moment, chocolate cupcakes offer a delectable combination of rich chocolate flavor and irresistible charm. So preheat your oven, gather your ingredients, and get ready to enjoy the ultimate chocolate cupcake experience.</p>",33,
42,2026-02-20 11:26:01.393615+00,The Delightful Allure of Strawberry Cake: A Sweet Treat for Every Occasion,images/blog/blog-img6.jpg,images/blog/blog-thumb6.jpg,"Strawberry cake is a quintessential dessert that combines the vibrant flavor of fresh strawberries with the soft, tender crumb of a perfectly baked cake. Its fruity sweetness and beautiful pink hue make it a standout choice for any celebration or simply as a delightful treat to enjoy on a sunny afternoon. In this blog, we’ll explore how to create a delicious strawberry cake from scratch, offer tips for achieving the perfect texture, and provide ideas for decorating this charming dessert.","<h2>Crafting the Perfect Strawberry Cake Batter
    </h2><p>
The foundation of a great strawberry cake is a well-balanced batter that captures the essence of fresh strawberries. Begin by using high-quality ingredients for the best flavor. Fresh strawberries are ideal, but if they’re out of season, you can use frozen strawberries that have been thawed and drained. To get the most flavor from your strawberries, blend them into a puree and strain out the seeds. This strawberry puree will be the star ingredient that infuses your cake with a natural sweetness and vibrant color.
</p><p>
For the batter, start by creaming together butter and sugar until light and fluffy. This process helps to create a tender crumb in your cake. Add eggs one at a time, ensuring each is fully incorporated before adding the next. Alternately mix in your dry ingredients (flour, baking powder, and salt) with the strawberry puree and a splash of milk to keep the batter moist. The key is to avoid overmixing, which can lead to a dense cake. Gently fold in the strawberry puree until just combined for a light and airy texture.
</p><h2>
Baking Your Strawberry Cake to Perfection
</h2><p>
Preheat your oven to 350°F (175°C) and prepare your cake pans by greasing them and lining them with parchment paper. This will help your cake come out easily and prevent sticking. Divide the batter evenly between the prepared pans and smooth the tops with a spatula. Bake for 25-30 minutes, or until a toothpick inserted into the center comes out clean. Keep an eye on the cakes towards the end of baking to prevent overbrowning.
</p><p>
Once baked, let the cakes cool in the pans for about 10 minutes before transferring them to a wire rack to cool completely. This step is crucial to avoid a soggy cake and ensures a perfect crumb texture. While the cakes are cooling, you can prepare your frosting and any additional fillings or toppings.
</p><h2>
Frosting and Decorating Your Strawberry Cake
</h2><p>
The frosting is an opportunity to add an extra layer of flavor and visual appeal to your strawberry cake. A classic choice is a cream cheese frosting, which pairs wonderfully with the fruity flavor of the cake. To make cream cheese frosting, beat together cream cheese, butter, powdered sugar, and a touch of vanilla extract until smooth and creamy. For a strawberry twist, you can add a few tablespoons of strawberry puree to the frosting, giving it a subtle pink color and an extra burst of strawberry flavor.
</p><p>
Decorate your cake with a layer of frosting between the cake layers and around the sides and top. For added flair, consider decorating with fresh strawberry slices or a drizzle of strawberry sauce. You can also pipe rosettes or other decorative elements using a piping bag fitted with a star tip. Garnishing with mint leaves or edible flowers can add a touch of elegance, making your cake look as delightful as it tastes.
</p><h2>
Variations and Serving Suggestions
</h2><p>
Strawberry cake is versatile and can be adapted to suit various tastes and occasions. For a decadent twist, consider incorporating layers of strawberry jam or filling between the cake layers. You can also experiment with different frostings, such as a light whipped cream or a tangy lemon glaze, to complement the strawberry flavor.
</p><p>
This cake is perfect for a variety of occasions, from birthdays and anniversaries to casual gatherings. Serve it as a show-stopping dessert at your next celebration or enjoy a slice with a cup of tea for a simple afternoon treat. Strawberry cake also pairs beautifully with a scoop of vanilla ice cream or a dollop of whipped cream, adding a touch of indulgence to your dessert.
</p><h2>
Conclusion
</h2><p>
Strawberry cake is a delightful dessert that combines the sweetness of fresh strawberries with the comfort of a classic cake. By using high-quality ingredients, mastering the art of cake baking, and adding creative touches to your frosting and decorations, you can create a stunning and delicious cake that is sure to impress. Whether you’re celebrating a special occasion or simply enjoying a sweet moment, strawberry cake is a timeless treat that brings a touch of joy to every bite. So gather your ingredients, preheat your oven, and get ready to enjoy the irresistible charm of a homemade strawberry cake.</p>",34,
43,2026-02-22 11:26:01.393615+00,Almond Dessert Delights: Indulge in Nutty Sweetness,images/blog/blog-img7.jpg,images/blog/blog-thumb7.jpg,"Almond desserts are a delightful treat that combines the rich, nutty flavor of almonds with the sweetness of various confections. Whether you're a fan of classic almond cakes, elegant pastries, or refreshing almond-based puddings, there’s an almond dessert to suit every palate. In this blog, we'll explore the world of almond desserts, offering recipes and tips to help you create indulgent treats that highlight the versatile almond.","<h2>Classic Almond Cake: A Timeless Favorite</h2><p>
Almond cake is a beloved classic that captures the essence of almonds in a moist and flavorful dessert. To make a classic almond cake, you'll need finely ground almonds, which add a wonderful texture and rich nutty flavor. Start by creaming together butter and sugar until light and fluffy. Add eggs one at a time, ensuring each is fully incorporated. Gently fold in almond flour and a bit of all-purpose flour to create a smooth batter.
</p><p>
For added flavor, consider incorporating almond extract or a splash of amaretto. This enhances the almond flavor without overpowering the cake. Bake the batter in a preheated oven at 350°F (175°C) for about 25-30 minutes, or until a toothpick inserted into the center comes out clean. Once cooled, you can dust the cake with powdered sugar or drizzle with a simple glaze made from powdered sugar and lemon juice.
</p><h2>
Decadent Almond Pastries: Elegance in Every Bite
</h2><p>
Almond pastries are perfect for special occasions or as an elegant treat for afternoon tea. One popular option is almond croissants, which combine buttery, flaky pastry with a sweet almond filling. To make these pastries, start with buttery croissant dough and fill each with a mixture of almond paste, sugar, and butter. Roll the dough into crescents and bake until golden brown.
</p><p>
Another delectable option is almond financiers, small almond cakes with a delicate texture and rich flavor. These are made by combining almond flour, egg whites, melted butter, and sugar. The result is a moist, slightly dense cake with a crisp exterior. You can add a touch of fresh fruit or a sprinkle of powdered sugar for extra elegance.
</p><h2>
Refreshing Almond Pudding: A Light and Creamy Delight
</h2><p>
Almond pudding offers a light yet satisfying dessert option that’s perfect for a refreshing end to a meal. To prepare almond pudding, start by heating milk with a bit of sugar and almond extract until it’s warm and fragrant. In a separate bowl, mix cornstarch with a small amount of cold milk to create a slurry. Slowly add the slurry to the warm milk mixture, stirring constantly until the pudding thickens.
</p><p>
Once thickened, pour the pudding into serving dishes and let it cool to room temperature before refrigerating. For added texture, you can top the pudding with chopped almonds or a dollop of whipped cream. This dessert is not only delicious but also versatile, as you can infuse it with flavors like vanilla or coffee to suit your taste.
</p><h2>
Almond Dessert Variations: Creative Twists on a Classic
</h2><p>
The versatility of almonds allows for a wide range of creative variations. Almond brittle, a crunchy confection made from caramelized sugar and almonds, offers a delightful contrast in texture. Simply cook sugar until it caramelizes, then stir in almonds and pour the mixture onto a baking sheet to cool. Break into pieces for a sweet and crunchy treat.
</p><p>
Another creative option is almond truffles, which combine almond meal with chocolate to create a rich and indulgent bite-sized dessert. Roll the mixture into small balls and coat with cocoa powder, chopped nuts, or shredded coconut for a delightful treat that’s perfect for gifting or entertaining.
</p><h2>
Conclusion
</h2><p>
Almond desserts are a delightful way to indulge in the rich, nutty flavor of almonds. From classic almond cakes and elegant pastries to refreshing puddings and creative confections, there’s an almond dessert for every occasion. By using high-quality almonds and experimenting with different recipes, you can create a variety of sweet treats that showcase the versatility and deliciousness of this beloved nut. So gather your ingredients, preheat your oven, and enjoy the sweet, nutty delight of almond desserts.</p>",34,
44,2026-02-25 11:26:01.393615+00,Celebrating with Style: The Ultimate Guide to Party Cakes,images/blog/blog-img8.jpg,images/blog/blog-thumb8.jpg,"A party cake is more than just a dessert; it’s the centerpiece of celebration, bringing a touch of joy and festivity to any occasion. Whether you’re hosting a birthday bash, an anniversary party, or a special gathering, the perfect party cake can make your event truly memorable. In this blog, we’ll explore how to create an impressive party cake from scratch, including tips for choosing the right flavors, decorating with flair, and making sure your cake stands out as the star of the party.","<h2>Choosing the Perfect Flavor and Design</h2><p>
The first step in creating a memorable party cake is selecting a flavor that will delight your guests. Classic options include rich chocolate, vanilla bean, or a zesty lemon, but don’t be afraid to get creative with flavors like raspberry-chocolate ganache or coconut-lime. Consider your audience’s preferences and any dietary restrictions when choosing your cake flavor. For a more personalized touch, you can also incorporate ingredients that reflect the theme of your party or the guest of honor’s favorite flavors.
</p><p>
Once you’ve chosen your flavor, think about the design. Party cakes can range from simple and elegant to elaborate and themed. For a classic look, opt for a smooth buttercream finish with a decorative border or flowers. If you’re aiming for a themed cake, such as one for a child’s birthday party or a holiday celebration, incorporate elements that reflect the theme, like edible decorations or colored frosting. A well-chosen design not only complements your party’s theme but also adds a personal touch that makes the cake even more special.
</p><h2>
Crafting the Cake: Baking and Assembly Tips
</h2><p>
Baking a party cake involves more than just mixing ingredients; it’s about creating a cake that’s both delicious and visually appealing. Start by selecting high-quality ingredients and following a reliable recipe. For a moist and tender cake, be sure to measure your ingredients accurately and follow the mixing instructions carefully. Grease and line your cake pans to ensure that your cakes come out easily and retain their shape.
</p><p>
Once baked, let your cakes cool completely before assembling. If you’re making a multi-layered cake, use a serrated knife to level each layer so they stack evenly. Apply a crumb coat—a thin layer of frosting that seals in any crumbs—before applying your final layer of frosting. This step helps to achieve a smooth and polished finish. For a more intricate design, use piping bags and various decorating tips to create textures, patterns, or even elaborate flower designs.
</p><h2>
Decorating Your Party Cake: Adding the Finishing Touches
</h2><p>
The decoration of your party cake is where your creativity can truly shine. Start by applying a base layer of frosting in a color that complements your design. For a smooth finish, use an offset spatula and a bench scraper to achieve a clean surface. If you’re incorporating different colors or designs, use piping bags to add details like rosettes, stars, or intricate patterns.
</p><p>
For added visual impact, consider using edible decorations such as sprinkles, edible glitter, or fresh fruit. Flowers made from fondant or gum paste can add an elegant touch, while themed toppers or figurines can enhance the party theme. Remember to make your cake transportable if needed; sturdy supports or cake boards can help keep your cake intact during transport and setup.
</p><h2>
Serving and Enjoying Your Party Cake
</h2><p>
Once your cake is decorated and ready for display, it’s time to enjoy it! Properly store your cake to maintain its freshness, especially if it contains perishable ingredients like cream or fruit. If your cake needs to be transported, use a cake carrier or box to keep it safe and secure.
</p><p>
When serving, use a sharp knife to cut clean slices and ensure everyone gets a piece of your delicious creation. Consider offering a variety of beverages to complement the cake, such as coffee, tea, or a festive punch. Don’t forget to capture some photos of your beautifully decorated cake before it’s cut—these memories will be cherished long after the party is over.
</p><h2>
Conclusion
</h2><p>
A party cake is a centerpiece that adds sweetness and celebration to any occasion. By choosing the right flavor, designing with care, and decorating with creativity, you can create a cake that not only tastes incredible but also looks stunning. Whether you’re baking a classic design or an elaborate themed creation, the effort you put into your party cake will be appreciated by all your guests. So gather your ingredients, get creative, and enjoy the process of making a cake that will be the highlight of your next celebration.</p><p>",34,